wetland,station,distance,elevation
QB,KW-1W,19.0312,0.39165658
QB,KW-2E,25.8312,0.592816
QB,KW-3T,35.3328,0.972306
QB,KW-4U,44.9288,1.503724
TB,KW-1W,32.6136,0.618744
TB,KW-2E,36.2712,0.816864
TB,KW-3T,40.666416,1.200912
TB,KW-4U,47.3296,1.556012444
DB,KW-1W,8.8392,0.521208
DB,KW-2E,13.4112,0.816864
DB,KW-3T,19.2024,1.423416
DB,KW-4U,25.7792,1.628008
ND,KW-1W,10.8016,0.314904
ND,KW-2E,16.3016,0.761212806
ND,KW-3T,22.695184,1.542288
ND,KW-4U,30.342816,1.960270474
